the,231358
of,131519
and,129976
to,121369
a,90811
in,84694
for,59333
is,47057
on,37504
that,34000
by,33500
this,32284
with,31831
i,30862
you,29961
it,28131
not,26334
or,25907
be,23987
are,23936
from,22755
at,22722
as,22474
your,20620
all,20224
have,15642
new,15512
more,15447
an,15182
was,14834
we,13906
will,13562
home,12768
can,12423
us,12291
about,12267
if,11349
page,10821
my,10597
has,10463
search,10240
free,10141
but,9998
our,9987
one,9935
other,9784
do,9507
no,9371
information,9325
time,9087
they,8832
site,8443
he,8428
up,8299
may,8278
what,8123
which,8105
their,7828
news,7554
out,7416
use,7199
any,7107
there,7011
see,6814
only,6618
so,6618
his,6601
when,6506
contact,6458
here,6397
business,6371
who,6309
web,6195
also,6168
now,6113
help,6110
get,6059
pm,6045
view,6022
online,6013
c,5966
e,5930
first,5781
am,5764
been,5750
would,5726
how,5718
were,5706
me,5666
s,5651
services,5622
some,5488
these,5410
click,5367
its,5256
like,5205
service,5195
x,5086
than,5026
find,5020
price,5016
date,4889
back,4880
top,4842
people,4803
had,4802
list,4725
name,4645
just,4628
over,4592
state,4531
year,4510
day,4462
into,4453
email,4439
two,4413
health,4404
n,4379
world,4319
re,4308
next,4259
used,4214
go,4210
b,4197
work,4194
last,4176
most,4162
products,4143
music,4140
buy,4107
data,4069
make,4050
them,4030
should,4020
product,3991
system,3969
post,3929
her,3919
city,3905
t,3884
add,3872
policy,3844
number,3837
such,3807
please,3800
available,3796
copyright,3739
support,3735
message,3730
after,3729
best,3718
software,3705
then,3699
jan,3664
good,3657
video,3654
well,3620
d,3614
where,3604
info,3523
rights,3520
public,3492
books,3477
high,3454
school,3430
through,3423
m,3415
each,3408
links,3399
she,3391
review,3390
years,3378
order,3366
very,3349
privacy,3332
book,3309
items,3305
company,3242
r,3235
read,3223
group,3218
sex,3201
need,3193
many,3189
user,3164
said,3155
de,3145
does,3140
set,3134
under,3132
general,3117
research,3115
university,3113
january,3103
mail,3103
full,3099
map,3096
reviews,3076
program,3066
life,3065
know,3061
games,3059
way,3055
days,3051
management,3042
p,3032
part,3027
could,3023
great,3014
united,2992
hotel,2979
real,2976
f,2972
item,2965
international,2956
center,2943
ebay,2931
must,2927
store,2913
travel,2877
comments,2875
made,2873
development,2862
report,2862
off,2840
member,2838
details,2808
line,2800
terms,2777
before,2775
hotels,2755
did,2753
send,2741
right,2736
type,2723
because,2713
local,2707
those,2700
using,2694
results,2681
office,2667
education,2667
national,2663
car,2647
design,2644
take,2643
posted,2638
internet,2637
address,2618
community,2618
within,2613
states,2609
area,2598
want,2586
phone,2566
dvd,2565
shipping,2565
reserved,2564
subject,2562
between,2554
forum,2544
family,2541
l,2529
long,2525
based,2524
w,2522
code,2502
show,2475
o,2464
even,2456
black,2446
check,2444
special,2443
prices,2434
website,2428
index,2428
being,2427
women,2425
much,2423
sign,2422
file,2418
link,2404
open,2396
today,2392
technology,2386
south,2385
case,2355
project,2352
same,2348
pages,2340
uk,2327
version,2324
section,2322
own,2320
found,2320
sports,2318
house,2313
related,2311
security,2300
both,2286
g,2277
county,2275
american,2275
photo,2271
game,2271
members,2266
power,2265
while,2261
care,2253
network,2252
down,2249
computer,2241
systems,2235
three,2234
total,2226
place,2209
end,2208
following,2207
download,2206
h,2205
him,2195
without,2191
per,2189
access,2179
think,2178
north,2178
resources,2172
current,2169
posts,2168
big,2166
media,2164
law,2161
control,2155
water,2151
history,2150
pictures,2149
size,2148
art,2147
personal,2146
since,2143
including,2141
guide,2133
shop,2127
directory,2124
board,2123
location,2112
change,2106
white,2098
text,2087
small,2083
rating,2078
rate,2076
government,2065
children,2065
during,2063
usa,2062
return,2056
students,2048
v,2044
shopping,2041
account,2036
times,2029
sites,2027
level,2025
digital,2023
profile,2018
previous,2016
form,2013
events,2012
love,2010
old,1996
john,1996
main,1996
call,1996
hours,1982
image,1978
department,1972
title,1966
description,1963
non,1961
k,1956
y,1950
insurance,1932
another,1925
why,1920
shall,1919
property,1917
class,1910
cd,1908
still,1904
money,1902
quality,1895
every,1893
listing,1889
content,1888
country,1886
private,1878
little,1871
visit,1870
save,1860
tools,1855
low,1848
reply,1847
customer,1844
december,1832
compare,1832
movies,1827
include,1825
college,1825
value,1820
article,1819
york,1815
man,1814
card,1813
jobs,1810
provide,1810
j,1807
food,1801
source,1799
author,1798
different,1797
press,1796
u,1796
learn,1794
sale,1792
around,1788
print,1782
course,1779
job,1777
canada,1771
process,1768
teen,1763
room,1762
stock,1762
training,1761
too,1760
credit,1759
point,1755
join,1742
science,1742
men,1740
categories,1738
advanced,1734
west,1733
sales,1732
look,1730
english,1723
left,1717
team,1716
estate,1692
box,1692
conditions,1689
select,1686
windows,1685
photos,1678
gay,1675
thread,1675
week,1672
category,1668
note,1666
live,1660
large,1658
gallery,1656
table,1653
register,1648
however,1639
june,1639
october,1633
november,1633
market,1623
library,1620
really,1620
action,1620
start,1619
series,1615
model,1612
features,1609
air,1608
industry,1608
plan,1607
human,1605
provided,1597
tv,1596
yes,1595
required,1594
second,1593
hot,1592
accessories,1589
cost,1588
movie,1584
forums,1584
march,1582
la,1579
september,1571
better,1570
say,1568
questions,1567
july,1566
yahoo,1557
going,1552
medical,1552
test,1549
friend,1545
come,1543
dec,1543
server,1537
pc,1534
study,1529
application,1527
cart,1521
staff,1515
articles,1515
san,1513
feedback,1510
again,1507
play,1507
looking,1506
issues,1501
april,1499
never,1495
users,1493
complete,1493
street,1491
topic,1490
comment,1486
financial,1483
things,1479
working,1476
against,1472
standard,1471
tax,1469
person,1467
below,1457
mobile,1454
less,1454
got,1450
blog,1450
party,1447
payment,1446
equipment,1442
login,1442
student,1435
let,1430
programs,1424
offers,1420
legal,1420
above,1418
recent,1417
park,1415
stores,1412
side,1411
act,1410
problem,1410
red,1407
give,1406
memory,1404
performance,1397
social,1395
q,1395
august,1394
quote,1392
language,1385
story,1384
sell,1376
options,1376
experience,1371
rates,1370
create,1370
key,1368
body,1365
young,1363
america,1362
important,1361
field,1352
few,1351
east,1350
paper,1349
single,1347
ii,1331
age,1327
activities,1326
club,1324
example,1323
girls,1323
additional,1321
password,1321
z,1320
latest,1319
something,1318
road,1318
gift,1314
question,1306
changes,1305
night,1305
ca,1303
hard,1300
texas,1293
oct,1293
pay,1291
four,1291
poker,1290
status,1289
browse,1287
issue,1284
range,1283
building,1282
seller,1277
court,1277
february,1277
always,1276
result,1274
audio,1270
light,1266
write,1266
war,1265
nov,1264
offer,1262
blue,1261
groups,1258
al,1257
easy,1255
given,1255
files,1255
event,1255
release,1253
analysis,1249
request,1246
fax,1245
china,1244
making,1241
picture,1241
needs,1235
possible,1233
might,1231
professional,1231
yet,1231
month,1230
major,1225
star,1224
areas,1219
future,1218
space,1215
committee,1213
hand,1212
sun,1212
cards,1210
problems,1210
london,1210
washington,1209
meeting,1208
rss,1205
become,1204
interest,1202
id,1199
child,1197
keep,1196
enter,1193
california,1193
porn,1192
share,1192
similar,1191
garden,1190
schools,1189
million,1188
added,1184
reference,1181
companies,1181
listed,1179
baby,1176
learning,1176
energy,1174
run,1172
delivery,1171
net,1168
popular,1164
term,1162
film,1160
stories,1155
put,1152
computers,1151
journal,1145
reports,1145
co,1144
try,1143
welcome,1140
central,1138
images,1137
president,1137
notice,1136
god,1136
original,1134
head,1133
radio,1132
until,1130
cell,1130
color,1129
self,1129
council,1128
away,1128
includes,1124
track,1123
australia,1121
discussion,1119
archive,1119
once,1118
others,1113
entertainment,1113
agreement,1113
format,1112
least,1112
society,1111
months,1111
log,1111
safety,1110
friends,1107
sure,1105
faq,1103
trade,1100
edition,1100
cars,1097
messages,1096
marketing,1095
tell,1095
further,1095
updated,1095
association,1094
able,1093
having,1093
provides,1092
david,1090
fun,1083
already,1083
green,1082
studies,1080
close,1078
common,1078
drive,1077
specific,1077
several,1075
gold,1074
feb,1074
living,1072
sep,1071
collection,1071
called,1069
short,1067
arts,1064
lot,1064
ask,1064
display,1063
limited,1061
powered,1061
solutions,1061
means,1059
director,1058
daily,1058
beach,1056
past,1056
natural,1051
whether,1050
due,1049
et,1042
electronics,1042
five,1041
upon,1039
period,1039
planning,1038
database,1037
says,1036
official,1035
weather,1033
mar,1032
land,1031
average,1028
done,1028
technical,1027
window,1027
france,1026
pro,1025
region,1025
island,1023
record,1022
direct,1022
microsoft,1021
conference,1019
environment,1019
records,1017
st,1013
district,1013
calendar,1013
costs,1010
style,1010
url,1009
front,1008
statement,1008
update,1007
parts,1006
aug,1005
ever,1002
downloads,1002
early,1000
miles,1000
sound,1000
resource,999
present,994
applications,993
either,991
ago,988
document,987
word,986
works,985
material,985
bill,984
apr,980
written,980
talk,978
federal,978
hosting,977
rules,976
final,976
adult,975
tickets,975
thing,974
centre,972
requirements,972
via,971
cheap,970
nude,967
kids,966
finance,965
true,962
minutes,962
else,960
mark,956
third,954
rock,954
gifts,954
europe,953
reading,952
topics,951
bad,950
individual,948
tips,948
plus,947
auto,947
cover,945
usually,944
edit,941
together,941
videos,940
percent,940
fast,939
function,938
fact,938
unit,937
getting,934
global,934
tech,934
meet,932
far,930
economic,930
en,928
player,927
projects,926
lyrics,925
often,925
subscribe,924
submit,924
germany,921
amount,920
watch,920
included,920
feel,919
though,919
bank,915
risk,914
thanks,913
everything,913
deals,911
various,911
words,909
linux,908
jul,908
production,906
commercial,905
james,905
weight,905
town,904
heart,902
advertising,902
received,900
choose,900
treatment,900
newsletter,898
archives,898
points,897
knowledge,897
magazine,897
error,893
camera,893
jun,891
girl,891
currently,890
construction,887
toys,887
registered,885
clear,884
golf,883
receive,883
domain,880
methods,878
chapter,878
makes,878
protection,878
policies,877
loan,877
wide,876
beauty,875
manager,874
india,873
position,871
taken,870
sort,869
listings,868
models,865
michael,865
known,863
half,862
cases,862
step,861
engineering,859
florida,857
simple,856
quick,855
none,855
wireless,853
license,853
paul,852
friday,852
lake,852
whole,852
annual,850
published,849
later,848
basic,848
sony,848
shows,848
corporate,846
google,845
church,845
method,843
purchase,843
customers,843
active,840
response,840
practice,840
hardware,840
figure,839
materials,839
fire,838
holiday,836
chat,836
enough,835
designed,835
along,834
among,834
death,832
writing,831
speed,831
html,830
countries,830
loss,830
face,828
brand,828
discount,826
higher,825
effects,823
created,823
remember,822
standards,821
oil,821
bit,821
yellow,820
political,820
increase,819
advertise,819
kingdom,819
base,818
near,816
environmental,815
thought,815
stuff,814
french,813
storage,813
oh,812
japan,811
doing,808
loans,808
shoes,807
